id,title,doi,year
pub.1008495047,Comparison of Maraging Steel Micro- and Nanostructure Produced Conventionally and by Laser Additive Manufacturing,10.3390/ma10010008,2016
pub.1003076401,Efficient additive manufacturing production of oxide- and nitride-dispersion-strengthened materials through atmospheric reactions in liquid metal deposition,10.1016/j.matdes.2016.08.084,2016
pub.1055131672,Laser Carbonization of PAN-Nanofiber Mats with Enhanced Surface Area and Porosity.,10.1021/acsami.6b09358,2016
pub.1039021246,A comparative study of Inconel 718 formed by High Deposition Rate Laser Metal Deposition with GA powder and PREP powder,10.1016/j.matdes.2016.06.037,2016
pub.1022152891,Laser-induced breakdown spectroscopy of scaled steel samples taken from continuous casting blooms,10.1016/j.sab.2016.08.013,2016
pub.1007007882,Laser surface pretreatment of 100Cr6 bearing steel – Hardening effects and white etching zones,10.1016/j.apsusc.2016.03.088,2016
pub.1030122339,Principles and applications of trans-wafer processing using a 2-μm thulium fiber laser,10.1007/s00170-015-7870-z,2016
pub.1046066684,Damage morphology and mechanism in ablation cutting of thin glass sheets with picosecond pulsed lasers,10.1016/j.optlastec.2016.01.023,2016
pub.1015143919,Influence of the Laser-Beam Distribution on the Seam Dimensions for Laser-Transmission Welding: A Simulative Approach,10.1007/s40516-016-0023-x,2016
pub.1035846182,Laser Metal Deposition of Titanium Aluminides – A Future Repair Technology for Jet Engine Blades?,10.1002/9781119296126.ch205,2016
pub.1011091031,Improvement of material performance of Inconel 718 formed by high deposition-rate laser metal deposition,10.1016/j.matdes.2016.03.006,2016
pub.1035315151,An improved approach for process monitoring in laser material processing,10.1117/12.2223779,2016
pub.1036593182,Key optical components for spaceborne lasers,10.1117/12.2212319,2016
pub.1007475497,Time-resolved investigations of the non-thermal ablation process of graphite induced by femtosecond laser pulses,10.1063/1.4947190,2016
pub.1011421936,Alloyed Ultra‐High Strength Steels,10.1002/latj.201600009,2016
pub.1048785735,Closing the Gap between Electronics and High Power Connectors: LIMBO,10.1002/latj.201600012,2016
pub.1030227265,"High-radiance LDP source: clean, reliable, and stable EUV source for mask inspection",10.1117/12.2219219,2016
pub.1028767192,High precision and high aspect ratio laser drilling: challenges and solutions,10.1117/12.2222662,2016
pub.1019494778,Monocrystalline CVD-diamond optics for high-power laser applications,10.1117/12.2213601,2016
pub.1004338390,Observation of melting conditions in selective laser melting of metals (SLM),10.1117/12.2213952,2016
pub.1032920828,Diode-pumped alexandrite ring laser for lidar applications,10.1117/12.2212578,2016
pub.1016936943,Demonstration of a 500 mJ InnoSlab-amplifier for future lidar applications,10.1117/12.2211029,2016
pub.1007198556,A single-frequency double-pulse Ho:YLF laser for CO2-lidar,10.1117/12.2214952,2016
pub.1016528950,High power parallel ultrashort pulse laser processing,10.1117/12.2222845,2016
pub.1020526051,CFRP bonding pre-treatment with laser radiation of 3μm wavelength: laser/material interaction,10.1117/12.2209514,2016
pub.1014275259,Simultaneous frequency stabilization and high-power dense wavelength division multiplexing (HP-DWDM) using an external cavity based on volume Bragg gratings (VBGs),10.1117/12.2212550,2016
pub.1030239631,Compact 35μm fiber coupled diode laser module based on dense wavelength division multiplexing of NBA mini-bars,10.1117/12.2211157,2016
pub.1000338611,High-power operation of coherently coupled tapered laser diodes in an external cavity,10.1117/12.2211613,2016
pub.1062156468,The Effect of Laser Type and Power on the Efficiency of Industrial Cutting of Mild and Stainless Steels,10.1115/1.4031190,2016
pub.1022201290,Precipitation Reactions in Age-Hardenable Alloys During Laser Additive Manufacturing,10.1007/s11837-015-1764-2,2016
pub.1029716736,Enabling the measurement of particle sizes in stirred colloidal suspensions by embedding dynamic light scattering into an automated probe head,10.1016/j.measurement.2015.11.024,2016
pub.1014989830,Determination of the thermal properties of leaves by non-invasive contact‑free laser probing,10.1016/j.jbiotec.2015.11.008,2016
pub.1020079721,Laser-Triggered Electron Source for X-Ray Applications,10.1007/978-3-319-17659-8_15,2016
pub.1008926622,Lensless Proximity EUV Lithography with a Xenon Gas Discharge Plasma Radiation,10.1007/978-3-319-19521-6_41,2016
pub.1092357606,Modelling pH-Optimized Degradation of Microgel-Functionalized Polyesters.,10.1155/2016/8125416,2016
pub.1037301143,Laser Encapsulation of Organic Electronics with Adapted Diode Lasers in Flexible Production Processes,10.1016/j.phpro.2016.08.013,2016
pub.1009576036,A microfluidic opto-caloric switch for sorting of particles by using 3D-hydrodynamic focusing based on SLE fabrication capabilities,10.1039/c5lc01478f,2016
pub.1028910563,Experimental and Simulative Investigations of Laser Assisted Plastic-metal-joints Considering Different Load Directions,10.1016/j.phpro.2016.08.117,2016
pub.1046067327,Optical Coherence Tomography for the Middle and Inner Ear,10.1007/978-1-4939-1758-7_33,2016
pub.1041874170,Laser-Based Stapes Surgery,10.1007/978-1-4939-1758-7_7,2016
pub.1050105743,Ultra-fast Micro Machining of Cylindrical Parts with Multiple Ultra- Short Pulsed Laser Sources,10.1016/j.phpro.2016.08.151,2016
pub.1017709833,Laser-induced Self-organizing Microstructures on Steel for Joining with Polymers,10.1016/j.phpro.2016.08.119,2016
pub.1044186075,Improvement of Energy Deposition in Absorber-free Laser Welding through Quasi-simultaneous Irradiation,10.1016/j.phpro.2016.08.049,2016
pub.1023298952,Modelling pH-Optimized Degradation of Microgel-Functionalized Polyesters,10.1155/2016/8125416,2016
pub.1041288960,High-Average Power Ultrafast Yb:Innoslab-Amplifier,10.1007/978-3-319-17659-8_6,2016
pub.1021364893,Self-optimizing Production Systems,10.1016/j.procir.2015.12.114,2016
pub.1007171492,Experimental study of porosity reduction in high deposition-rate Laser Material Deposition,10.1016/j.optlastec.2015.06.016,2015
pub.1002975518,Hyperbolic phonon-polaritons in boron nitride for near-field optical imaging and focusing,10.1038/ncomms8507,2015
pub.1028285112,The voxel onset time as an in situ method to evaluate focal position effects on two-photon-induced lithography,10.1007/s00339-015-9449-9,2015
pub.1026522832,Microstructure of γ-titanium aluminide processed by selective laser melting at elevated temperatures,10.1016/j.intermet.2015.07.005,2015
pub.1030005667,Atmospheric CO2 remote sensing system based on high brightness semiconductor lasers and single photon counting detection,10.1117/12.2194345,2015
pub.1045737706,Laser cutting of bone tissue under bulk water with a pulsed ps-laser at 532 nm,10.1117/1.jbo.20.10.105007,2015
pub.1093480827,Frequency stabilisation of single emitters and the effect on the beam quality,10.1109/hpd.2015.7439671,2015
pub.1093488570,Characterisation of Ultra-Narrow Band Filters for Diode Laser Systems Based on Dense Wavelength Division Multiplexing,10.1109/hpd.2015.7439672,2015
pub.1095333056,Additive Manufacturing: Perspectives for Diode Lasers,10.1109/hpd.2015.7439684,2015
pub.1094889610,High Power Diode Laser with 23W Ex 35 µm Fibre,10.1109/hpd.2015.7439673,2015
pub.1094171785,Implementation Aspects of On-Chip Printed Micro Heat Sinks for Power Semiconductors,10.1109/ecce.2015.7310463,2015
pub.1038860525,"Purpose, potential and realization of chip-attached micro-pin fin heat sinks",10.1016/j.microrel.2015.07.007,2015
pub.1023737079,Surface topography enhances differentiation of mesenchymal stem cells towards osteogenic and adipogenic lineages,10.1016/j.biomaterials.2015.05.030,2015
pub.1014674727,Hybrid Laser-Etching-Process for Wafer Texturing,10.1016/j.egypro.2015.07.108,2015
pub.1002883033,Mechanism of internal modification in bulk borosilicate glass with picosecond laser pulses at high repetition rates,10.1117/12.2185518,2015
pub.1061374422,"High Power Three-Section Integrated Master Oscillator Power Amplifier at 1.5 <inline-formula> <tex-math notation=""LaTeX"">$\mu \text{m}$ </tex-math></inline-formula>",10.1109/lpt.2015.2425534,2015
pub.1038750569,Design surfaces by laser remelting,10.1002/mawe.201500345,2015
pub.1072095168,Investigation of the Suitability of Surface Treatments for Dry Cold Extrusion by Process-Oriented Tribological Testing,10.4028/www.scientific.net/kem.651-653.473,2015
pub.1049344167,Formation and reduction of hydrogen porosity during selective laser melting of AlSi10Mg,10.1016/j.jmatprotec.2015.02.013,2015
pub.1012156138,Investigation on joint characteristics of laser beam welded press hardenable ultra-high strength steels with ferritic-martensitic and martensitic microstructure,10.1007/s40194-015-0229-0,2015
pub.1006809694,Laser polishing and laser form correction of fused silica optics,10.1002/mawe.201500319,2015
pub.1092852266,Simultaneous 9-Axis-Laser-Processing,10.1115/msec2015-9242,2015
pub.1092893727,"LMDCAM2: Software Tool for Near-Net Repair, Cladding and Built-Up by Laser Metal Deposition",10.1115/msec2015-9243,2015
pub.1025236735,Influence of carbon black and indium tin oxide absorber particles on laser transmission welding,10.1016/j.optlastec.2014.12.015,2015
pub.1006886539,Neue Gestaltungsmöglichkeiten thermoplastischer FVK-Leichtbauteile,10.1007/s35725-015-0012-6,2015
pub.1030369796,Laserbasierte Fügeverfahren,10.1007/s35725-015-0014-4,2015
pub.1007864844,Fully Integrated Process Control,10.1002/latj.201500013,2015
pub.1016030999,Advantages and drawbacks of Thiol-ene based resins for 3D-printing,10.1117/12.2081169,2015
pub.1022509323,Brightness and average power as driver for advancements in diode lasers and their applications,10.1117/12.2085068,2015
pub.1005448017,Laser transmission welding of long glass fiber reinforced thermoplastics,10.1117/12.2079566,2015
pub.1050017986,Laser beam welding of new ultra-high strength and supra-ductile steels,10.1117/12.2084701,2015
pub.1019771245,Active optical system for advanced 3D surface structuring by laser remelting,10.1117/12.2076051,2015
pub.1050178437,Laser transmission welding of absorber-free thermoplastics using dynamic beam superposition,10.1117/12.2079691,2015
pub.1007856540,Direct diode lasers and their advantages for materials processing and other applications,10.1117/12.2080208,2015
pub.1010249413,Process observation in selective laser melting (SLM),10.1117/12.2079475,2015
pub.1033446130,Two-wavelength approach for control of coagulation depth during laser tissue soldering,10.1117/12.2080995,2015
pub.1021825209,High stability single-frequency Yb fiber amplifier for next generation gravity missions,10.1117/12.2077400,2015
pub.1003146508,Analysis and optimal control for free melt flow boundaries in laser cutting with distributed radiation,10.1002/zamm.201200213,2015
pub.1008568272,Machine Tool and CAM‐NC Data Chain for Laser Polishing Complex Shaped Parts,10.1002/adem.201400476,2015
pub.1018376972,Process‐ and Material‐Induced Surface Structures During Laser Polishing,10.1002/adem.201400426,2015
pub.1001946626,Radiation tests on erbium-doped garnet crystals for spaceborne CH4-Lidar applications,10.1117/12.2076122,2015
pub.1059180651,Geometrical on-axis access to high-finesse resonators by quasi-imaging: a theoretical description,10.1088/2040-8978/17/2/025609,2015
pub.1062154237,Laser-Machined Microchannel Effect on Microstructure and Oxide Formation of an Ultrasonically Processed Aluminum Alloy,10.1115/1.4028926,2015
pub.1017584781,Microgel-functionalised fibres with pH-optimised degradation behaviour – a promising approach for short-term medical applications,10.1515/bnm-2015-0015,2015
pub.1036915717,Innoslab Amplifiers,10.1109/jstqe.2014.2333234,2015
pub.1010665878,Mechanical Properties of Laser Beam Welded Ultra-high Strength Chromium Steel with Martensitic Microstructure,10.1016/j.phpro.2015.11.031,2015
pub.1021648862,Meta-Modelling Techniques Towards Virtual Production Intelligence,10.1007/978-3-319-12304-2_6,2015
pub.1011381522,Chapter 26 Laser Beam Micro-joining,10.1016/b978-0-323-31149-6.00026-8,2015
pub.1009846561,Sensitization of Laser-beam Welded Martensitic Stainless Steels,10.1016/j.phpro.2015.11.034,2015
pub.1039293698,Polieren von SLM-Bauteilen mit kontinuierlicher Laserstrahlung,10.1007/978-3-662-48473-9_10,2015
pub.1020541493,Investigation and Assessment of Resource Consumption of Process Chains,10.1016/j.procir.2015.08.018,2015
pub.1020262636,"Laser Measurement Technology, Fundamentals and Applications",10.1007/978-3-662-43634-9,2015
pub.1034160635,Measuring the Melt Flow on the Laser Cut Front,10.1016/j.phpro.2015.11.022,2015
pub.1024925415,Chapter 15 Laser-assisted Micro-forming,10.1016/b978-0-323-31149-6.00015-3,2015
pub.1030539141,Polarized Fiber Lasers and Amplifiers,10.1007/978-1-4939-1179-0_11,2015
pub.1007791947,"SLM Production Systems: Recent Developments in Process Development, Machine Concepts and Component Design",10.1007/978-3-319-12304-2_5,2015
pub.1043513108,The Development of Incremental Sheet Forming from Flexible Forming to Fully Integrated Production of Sheet Metal Parts,10.1007/978-3-319-12304-2_9,2015
pub.1029696150,Chapter 5 Laser Micro-structuring,10.1016/b978-0-323-31149-6.00005-0,2015
pub.1004539686,Advanced Metamodeling Techniques Applied to Multidimensional Applications with Piecewise Responses,10.1007/978-3-319-27926-8_9,2015
pub.1050376605,Automatic design of multi-lens optical systems based on stock lenses for high power lasers,10.1117/12.2074508,2014
pub.1028882332,Dynamics of ultrashort pulsed laser radiation induced non-thermal ablation of graphite,10.1007/s00339-014-8864-7,2014
pub.1005055421,"Investigations of laser clad, thermal sprayed and laser remelted AlSi20-coatings on magnesium alloy AZ31B under constant and cycling thermal load",10.1016/j.surfcoat.2014.09.049,2014
pub.1034964571,Process observation in fiber laser–based selective laser melting,10.1117/1.oe.54.1.011008,2014
pub.1055019547,Laser-induced breakdown spectroscopy for 24/7 automatic liquid slag analysis at a steel works.,10.1021/ac5022425,2014
pub.1006182454,Taking Temperature Processing Out of Dye‐Sensitized Solar Cell Fabrication: Fully Laser‐Manufactured Devices,10.1002/aenm.201400421,2014
pub.1019111545,Generation of circularly polarized radiation from a compact plasma-based extreme ultraviolet light source for tabletop X-ray magnetic circular dichroism studies,10.1063/1.4897491,2014
pub.1020764561,Deposition welding of hot forging dies using nanoparticle reinforced weld metal,10.1007/s11740-014-0562-y,2014
pub.1007343482,Near-field imaging and spectroscopy of locally strained GaN using an IR broadband laser,10.1364/oe.22.022369,2014
pub.1030924468,Laser metal deposition and selective laser melting of Fe–28 at.% Al,10.1557/jmr.2014.131,2014
pub.1006597929,Laserbasierte Trocknung von flüssigprozessierten Funktionsschichten,10.1002/cite.201450403,2014
pub.1093812764,Packaging for Power Semiconductors Based on the 3D Printing Technology Selective Laser Melting,10.1109/epe.2014.6910965,2014
pub.1000482426,Optics manufacturing by laser radiation,10.1016/j.optlaseng.2014.03.001,2014
pub.1052801981,Thermal properties of borate crystals for high power optical parametric chirped-pulse amplification,10.1364/oe.22.017607,2014
pub.1037678342,Examination of laser-induced heating on multi-component chalcogenide glass,10.1117/12.2053316,2014
pub.1049601401,Thulium fiber laser and application development,10.1117/12.2053297,2014
pub.1033057239,Optimization of front-contact laser scribing for thin-film silicon solar modules,10.1016/j.solmat.2014.02.029,2014
pub.1040115970,Fabrication of nano-TiCp reinforced Inconel 625 composite coatings by partial dissolution of micro-TiCp through laser cladding energy input control,10.1016/j.surfcoat.2014.03.057,2014
pub.1003888731,Physical and mathematical modeling of antimicrobial photodynamic therapy,10.1117/1.jbo.19.7.071411,2014
pub.1041299322,"Design, alignment and applications of optical systems for parallel processing with ultra-short laser pulses",10.1117/12.2051614,2014
pub.1030939983,Detectability of penetration depth based on weld pool geometry and process emission spectrum in laser welding of copper,10.1117/12.2051662,2014
pub.1049379120,High-brightness all semiconductor laser at 1.57 μm for space-borne lidar measurements of atmospheric carbon dioxide: device design and analysis of requirements,10.1117/12.2052191,2014
pub.1003331161,Feasibility and performance study for a space-borne 1645 nm OPO for French-German satellite mission MERLIN,10.1117/12.2052396,2014
pub.1031817108,Ultrafast green laser exceeding 400 W of average power,10.1117/12.2051510,2014
pub.1044181485,High-radiance LDP source for mask inspection application,10.1117/12.2046423,2014
pub.1001787638,Influence of titanium dioxide pigments on the optical properties of polycarbonate and polypropylene for diode laser wavelengths,10.1002/app.40073,2014
pub.1002113348,Local ultraviolet laser irradiation for gradients on biocompatible polymer surfaces,10.1002/jbm.a.34762,2014
pub.1008828854,The Additive Manufacture of Patient‐tailored Finger Implants,10.1002/latj.201400029,2014
pub.1011214039,Micro-scanning mirrors for high-power laser applications in laser surgery,10.1117/12.2042671,2014
pub.1043220216,High-power dense wavelength division multiplexing (HP-DWDM) of frequency stabilized 9xx diode laser bars with a channel spacing of 1.5 nm,10.1117/12.2036974,2014
pub.1025769104,Numerical analysis of external feedback concepts for spectral stabilization of high-power broad-area semiconductor lasers,10.1117/12.2037053,2014
pub.1028672585,Automated alignment of fast-axis collimator lenses for high-power diode laser bars,10.1117/12.2041245,2014
pub.1042212091,Post-processing of 3D-printed parts using femtosecond and picosecond laser radiation,10.1117/12.2040049,2014
pub.1011185937,Investigations on laser transmission welding of absorber-free thermoplastics,10.1117/12.2039703,2014
pub.1017670492,Quasi-simultaneous laser soldering for the interconnection of back-contact solar cells with composite foils,10.1117/12.2040523,2014
pub.1027764941,Real-time laser cladding control with variable spot size,10.1117/12.2040058,2014
pub.1027256843,Surface structuring of zirconium-based bulk metallic glasses using ultrashort laser pulses,10.1117/12.2035383,2014
pub.1035117249,Laser-induced breakdown spectroscopy expands into industrial applications,10.1016/j.sab.2014.02.001,2014
pub.1060762560,Cavity-Enhanced High-Harmonic Generation with Spatially Tailored Driving Fields,10.1103/physrevlett.112.103902,2014
pub.1046220141,"Broadly tunable, longitudinally diode-pumped Alexandrite laser",10.1117/12.2039380,2014
pub.1044774732,Feasibility and performance study for a space-borne 1645nm OPO for French-German satellite mission MERLIN,10.1117/12.2041422,2014
pub.1009693593,INNOSLAB-based single-frequency MOPA for airborne lidar detection of CO2 and methane,10.1117/12.2041763,2014
pub.1029757177,Green sub-ps laser exceeding 400 W of average power,10.1117/12.2041288,2014
pub.1028451183,Cognition for robot scanner based remote welding,10.1117/12.2040275,2014
pub.1043969528,Seam tracking with texture based image processing for laser materials processing,10.1117/12.2040483,2014
pub.1020344530,Combined strengthening of multi-phase and graded interface in laser additive manufactured TiC/Inconel 718 composites,10.1088/0022-3727/47/4/045309,2014
pub.1003796180,Ultrafast reflection and secondary ablation in laser processing of transparent dielectrics with ultrashort pulses,10.1117/1.oe.53.5.051512,2014
pub.1040797695,Seminal Tools for Roll‐to‐Roll Manufacturing,10.1002/latj.201400018,2014
pub.1021491267,"Improving surface properties by laser-based drying, gelation, and densification of printed sol–gel coatings",10.1007/s11998-013-9516-0,2014
pub.1047895714,High Precision Laser Processing of Steel Surfaces with Sub-ns-lasers,10.1016/j.phpro.2014.08.111,2014
pub.1049428257,High-precision Helical Cutting Using Ultra-short Laser Pulses,10.1016/j.phpro.2014.08.019,2014
pub.1052847003,The Contribution of Virtual Production Intelligence to Laser Cutting Planning Processes,10.1007/978-3-319-02054-9_20,2014
pub.1049559701,Laser Micro Welding for Ribbon Bonding,10.1016/j.phpro.2014.08.085,2014
pub.1008475009,Laser Glass Frit Sealing for Encapsulation of Vacuum Insulation Glasses,10.1016/j.phpro.2014.08.075,2014
pub.1020595770,The Contribution of Virtual Production Intelligence to Laser Cutting Planning Processes,10.1007/978-3-319-08816-7_70,2014
pub.1038367634,Scientific Cooperation Engineering in the Cluster of Excellence Integrative Production Technology for High-Wage Countries at RWTH Aachen University,10.1007/978-3-319-08816-7_9,2014
pub.1000912738,Numerical Computation of Component Shape Distortion Manufactured by Selective Laser Melting,10.1016/j.procir.2014.06.113,2014
pub.1019893602,Correlations of Melt Pool Geometry and Process Parameters During Laser Metal Deposition by Coaxial Process Monitoring,10.1016/j.phpro.2014.08.167,2014
pub.1041479004,Helium-tight Laser Beam Welding of Aluminum with Brillant Laser Beam Radiation,10.1016/j.phpro.2014.08.043,2014
pub.1008031171,Sondertechnologien,10.1007/978-3-642-29942-1_7,2014
pub.1048252211,Laser Beam Welding of Ultra-high Strength Chromium Steel with Martensitic Microstructure,10.1016/j.phpro.2014.08.007,2014
pub.1013057880,Measurement of Cut Front Properties in Laser Cutting,10.1016/j.phpro.2014.08.107,2014
pub.1004524401,Illumination for Process Observation in Laser Material Processing,10.1016/j.phpro.2014.08.053,2014
pub.1051139294,Setup and Maintenance of Manufacturing Quality in CO2 Laser Cutting,10.1016/j.procir.2014.05.037,2014
pub.1008799155,Laser processed preforms for microstructured optical fibers,10.1117/12.2023223,2013
pub.1019262731,A compact Laboratory Transmission X-ray Microscope for the water window,10.1088/1742-6596/463/1/012013,2013
pub.1093678690,The BRIDLE Project: High Brilliance Diode Lasers for Industrial Applications,10.1109/hpd.2013.6706602,2013
pub.1093238687,High Brightness Diode Laser Module in the Red Spectral Range for Pumping Applications,10.1109/hpd.2013.6706603,2013
pub.1093226653,Design of a DFB / DBR Diode Laser Module including spectral multiplexing based on VBGs,10.1109/hpd.2013.6706596,2013
pub.1095403063,Preface for HPD'13 Special Issue,10.1109/hpd.2013.6706586,2013
pub.1049172828,Laser-drilled free-form silica fiber preforms for microstructured optical fibers,10.1016/j.yofte.2013.06.001,2013
pub.1030636164,Fiber laser induced surface modification/manipulation of an ultrasonically consolidated metal matrix,10.1016/j.jmatprotec.2013.04.008,2013
pub.1043753923,Multiple intensity distributions from a single optical element,10.1117/12.2026516,2013
pub.1040889938,The effect of heat treatment on crack control and grain refinement in laser beam welded β-solidifying TiAl-based alloy,10.1016/j.intermet.2013.04.007,2013
pub.1047403270,Laser-induced breakdown spectroscopy with multi-kHz fibre laser for mobile metal analysis tasks — A comparison of different analysis methods and with a mobile spark-discharge optical emission spectroscopy apparatus,10.1016/j.sab.2013.05.007,2013
pub.1095548809,MICRO-SCANNING MIRRORS FOR HIGH-POWER LASER APPLICATIONS IN LASER SURGERY,10.1109/omn.2013.6659070,2013
pub.1049274281,Compact high-repetition-rate source of coherent 100 eV radiation,10.1038/nphoton.2013.156,2013
pub.1004199883,A novel approach for temperature control in ISF supported by laser and resistance heating,10.1007/s00170-012-4640-z,2013
pub.1065129449,"Dual-wavelength, continuous-wave Yb:YAG laser for high-resolution photothermal common-path interferometry.",10.1364/ao.52.005171,2013
pub.1023670845,Fabrication and Analysis of Porous Superalloys for Turbine Components Using Laser Additive Manufacturing,10.2514/6.2013-4178,2013
pub.1048672312,Scalability limits of Talbot lithography with plasma-based extreme ultraviolet sources,10.1117/1.jmm.12.3.033002,2013
pub.1007053369,Low-Cost Infrared Resonant Structures for Surface-Enhanced Infrared Absorption Spectroscopy in the Fingerprint Region from 3 to 13 μm,10.1021/jp402383h,2013
pub.1002180429,Picosecond laser ablation for silicon micro fuel cell fabrication,10.1088/0960-1317/23/5/055021,2013
pub.1095679665,Direct Low-Harmonic Generation in Gas at MHz Repetition Rate,10.1109/cleoe-iqec.2013.6800880,2013
pub.1004814860,Laser transmission bonding of silicon to silicon with metallic interlayers for wafer-level packaging,10.1007/s00542-012-1636-4,2013
pub.1095723763,High-Power Dense Wavelength Division Multiplexer (HP-DWDM) for Diode Lasers using Volume Bragg Gratings (VBG),10.1109/cleoe-iqec.2013.6801290,2013
pub.1094433414,Inverse laser drilling of transparent materials for the production of optical components,10.1109/cleoe-iqec.2013.6801297,2013
pub.1011398690,Design of a rugged 308 nm tunable UV laser for airborne LIF measurements on top of Zeppelin NT,10.1117/12.2000408,2013
pub.1027286008,Picosecond laser ablation of transparent materials,10.1117/12.2001991,2013
pub.1050514897,Silicon backside machining using a nanosecond 2-μm Tm:fiber laser,10.1117/12.2004878,2013
pub.1039745879,Fluorescence sensors for parallel measurements in multichannel microfluidic devices covering the full channel cross sections,10.1117/12.2004207,2013
pub.1034607854,Highly efficient nonthermal ablation of bone under bulk water with a frequency-doubled Nd:YVO4 picosecond laser,10.1117/12.2004392,2013
pub.1048168094,Simulations and experiments on resonantly-pumped single-frequency Erbium lasers at 1.6 μm,10.1117/12.2001784,2013
pub.1039483141,200-W Tm:YLF INNOSLAB laser,10.1117/12.2004317,2013
pub.1041335044,Fundamental processes of refractive index modifications during femtosecond laser waveguide writing,10.1117/12.2004279,2013
pub.1011978555,High-power diode lasers between 1.8µm and 3.0µm,10.1117/12.2003948,2013
pub.1015970087,Study on influential factors for process monitoring and control in laser aided additive manufacturing,10.1016/j.jmatprotec.2012.10.006,2013
pub.1016227582,Investigation of Wear and Corrosion Protection of AlSi20 Coatings Produced by Plasma Spraying and Laser Cladding on AZ31B,10.1007/s11666-012-9867-6,2013
pub.1024168407,Low-loss smile-insensitive external frequency-stabilization of high power diode lasers enabled by vertical designs with extremely low divergence angle and high efficiency,10.1117/12.2000528,2013
pub.1027314182,Analysis of single-mode efficiency of electrically pumped VECSELs,10.1117/12.2002045,2013
pub.1029500564,Additive manufacturing of ZrO2‐Al2O3 ceramic components by selective laser melting,10.1108/13552541311292736,2013
pub.1005346838,Physical optics methods for laser and nonlinear optics simulations,10.1515/aot-2012-0060,2013
pub.1029525891,Light shaping for illumination,10.1515/aot-2013-0028,2013
pub.1008287329,Optical Measurements for the Rational Screening of Protein Crystallization Conditions,10.1002/9783527643981.bphot091,2013
pub.1045762263,Structure and mechanical properties of silica doped zirconia thin films,10.1016/j.tsf.2012.08.007,2013
pub.1045242649,Development and characterization of a coronary polylactic acid stent prototype generated by selective laser melting,10.1007/s10856-012-4779-z,2013
pub.1002289378,Precise ablation of dental hard tissues with ultra-short pulsed lasers. Preliminary exploratory investigation on adequate laser parameters,10.1007/s10103-012-1107-2,2013
pub.1011656050,"Direct Laser Cladding , Current Status and Future Scope of Application",10.1007/978-3-642-28359-8_5,2013
pub.1095605092,Backside surface machining of silicon wafers using a nanosecond Tm:Fiber MOPA system,10.1364/cleo_qels.2013.jth2a.07,2013
pub.1027168912,Long Term Stability of Laser Joined Plastic Metal Parts,10.1016/j.phpro.2013.03.066,2013
pub.1019744268,Pulsed Laser Micro Polishing of Metals using Dual-beam Technology,10.1016/j.phpro.2013.03.087,2013
pub.1004858362,High Power Laser Cutting of Fiber Reinforced Thermoplastic Polymers with cw- and Pulsed Lasers,10.1016/j.phpro.2013.03.096,2013
pub.1044469564,Laser-Beam Helical Drilling of High Quality Micro Holes,10.1016/j.phpro.2013.03.130,2013
pub.1034426299,Polishing Titanium- and Nickel-based Alloys using Cw-Laser Radiation,10.1016/j.phpro.2013.03.089,2013
pub.1011428155,Stress-Minimized Laser Soldering of h-pattern Multicrystalline Silicon Solar Cells,10.1016/j.phpro.2013.03.064,2013
pub.1056962510,Generation of Coherent sub-20 nm XUV Radiation at 78 MHz via Cavity-Based HHG,10.1051/epjconf/20134110023,2013
pub.1026312776,Dicing of Thin Si Wafers with a Picosecond Laser Ablation Process,10.1016/j.phpro.2013.03.122,2013
pub.1036400441,Detectability of Penetration based on Weld Pool Geometry and Process Emission Spectrum in Laser Welding of Copper,10.1016/j.phpro.2013.03.108,2013
pub.1038446003,Laser Transmission Welding of White Thermoplastics with Adapted Wavelengths,10.1016/j.phpro.2013.03.067,2013
pub.1057033707,Femtosecond Laser Post-Processing of Metal Parts Produced by Laser Additive Manufacturing,10.1051/matecconf/20130802010,2013
pub.1001008778,Contributor contact details,10.1016/b978-0-85709-264-9.50026-x,2013
pub.1013808756,"18 Developments in hybridisation and combined laser beam welding technologies**This chapter is a revised and updated version of Chapter 10 ‘Enhancing laser welding capabilities by hybridisation or combination with other processes’ by Dirk Petring, originally published in Advances in laser materials processing by J. Lawrence, J. Pou, D. K. Y Low and E. Toyserkani, Woodhead Publishing Limited, 2010, ISBN 978-184569-474-6.",10.1533/9780857098771.3.478,2013
pub.1039186985,Irradiance tailoring for extended sources using a point-source freeform design algorithms,10.1117/12.981755,2012
pub.1011050895,Laser ablation mechanism of transparent dielectrics with picosecond laser pulses,10.1117/12.976062,2012
pub.1015663471,Novel approach to short-pulse and ultra-short pulse laser ablation of silicon nitride passivation layers,10.1117/12.928360,2012
pub.1024653489,Irradiance tailoring with two-sided Fresnel-type freeform optics,10.1117/12.929801,2012
pub.1007371304,Welding of polymers using a 2μm thulium fiber laser,10.1016/j.optlastec.2012.03.020,2012
pub.1026087157,Investigation of the influence of laser radiation on material properties of transparent conductive layers,10.1117/12.928323,2012
pub.1017432778,Optische Messmethoden für die rationale Evaluierung von Kristallisationsbedingungen,10.1002/cite.201250496,2012
pub.1071380817,Photochemistry with laser radiation in condensed phase using miniaturized photoreactors,10.3762/bjoc.8.135,2012
pub.1013262153,Poster: Advances in Technology and Characterization,10.1002/9783527667703.ch70,2012
pub.1045346998,Nanosession: Nanotechnological Fabrication Strategies,10.1002/9783527667703.ch62,2012
pub.1049563685,Brilliance scaling of discharge sources for extreme-ultraviolet and soft x-ray radiation for metrology applications,10.1117/1.jmm.11.2.021106,2012
pub.1005894920,Development of a laser-based process chain for manufacturing free form optics,10.1117/12.922407,2012
pub.1000866539,CdSe-ZnS quantum dots as temperature sensors during thermal coagulation of bovine serum albumin (BSA) solder,10.1007/s00339-012-6855-0,2012
pub.1061372409,15-W Fiber-Coupled Quantum-Dot Pump Module,10.1109/lpt.2012.2194277,2012
pub.1041193720,"Broadband transmission masks, gratings and filters for extreme ultraviolet and soft X-ray lithography",10.1016/j.tsf.2012.03.036,2012
pub.1093994089,Pick and Align — High Precision Active Alignment of Optical Components,10.1109/ectc.2012.6248829,2012
pub.1038822599,Test Case Gearing Component,10.1002/9783527646098.ch9,2012
pub.1061372301,High-Power Diode Lasers Optimized for Low-Loss Smile-Insensitive External Spectral Stabilization,10.1109/lpt.2012.2187277,2012
pub.1038331925,Laser Welding of Polymers,10.1002/latj.201290023,2012
pub.1021380877,Application of variothermal heating concepts for the production of microstructured films using the extrusion embossing process,10.1515/polyeng-2012-0502,2012
pub.1039353557,Highly precise and robust packaging of optical components,10.1117/12.920016,2012
pub.1037031256,Passive alignment and soldering technique for optical components,10.1117/12.906726,2012
pub.1032017030,High-power picosecond laser with 400W average power for large scale applications,10.1117/12.915676,2012
pub.1044304954,High average power sub-picosecond pulse generation at 515 nm by extracavity frequency doubling of a mode-locked Innoslab MOPA,10.1117/12.908053,2012
pub.1028452564,Local heat treatment of high strength steels with zoom-optics and 10kW-diode laser,10.1117/12.908384,2012
pub.1002544046,"Additive manufactured AlSi10Mg samples using Selective Laser Melting (SLM): Microstructure, high cycle fatigue, and fracture behavior",10.1016/j.matdes.2011.07.067,2012
pub.1013374269,Self-optimizing approach for automated laser resonator alignment,10.1016/j.optlaseng.2011.08.001,2012
pub.1033249232,Annular beam shaping system for advanced 3D laser brazing,10.1515/aot-2012-0040,2012
pub.1014829061,Integrative Business and Technology Cases,10.1007/978-3-642-21067-9_7,2012
pub.1037228908,"Laser-Induced Breakdown Spectroscopy, Fundamentals and Applications",10.1007/978-3-642-20668-9,2012
pub.1050276011,Self-optimising Production Systems,10.1007/978-3-642-21067-9_6,2012
pub.1038464975,Virtual Production Systems,10.1007/978-3-642-21067-9_4,2012
pub.1035000855,Block copolymer supramolecular assemblies hierarchically structured by three-beam interference laser ablation,10.1039/c2jm16442f,2012
pub.1067971575,"Raster Scanning Laser and UV Processing of nanocrystalline TiO2 Films for Sintering in Dye Solar Cells: Device Performance, Throughput and Embodied Energy",10.1557/opl.2012.1092,2012
pub.1012386011,Hybrid Production Systems,10.1007/978-3-642-21067-9_5,2012
pub.1094597851,Sub-25 nm high-harmonic generation with a 78-MHz repetition rate enhancement cavity,10.1364/qels.2012.qth5b.7,2012
pub.1009194007,"Diagnostics, Modeling and Simulation: Three Keys Towards Mastering the Cutting Process with Fiber, Disk and Diode Lasers",10.1016/j.phpro.2012.10.029,2012
pub.1035300136,Light-Weight Optical Sensor for Standoff Detection of Fluorescent Biosensors,10.1007/978-3-642-33161-9_61,2012
pub.1000421806,Individualised Production,10.1007/978-3-642-21067-9_3,2012
pub.1073637154,GEOMETRIC COMPLEXITY ANALYSIS IN AN INTEGRATIVE TECHNOLOGY EVALUATION MODEL (ITEM) FOR SELECTIVE LASER MELTING (SLM)#,10.7166/23-2-333,2011
pub.1094315117,Ultrafast Tunable Mid IR Source,10.1109/irmmw-thz.2011.6104904,2011
pub.1024540999,Lasereinsatz im Recycling,10.1002/opph.201190361,2011
pub.1016364969,Freeform lens for an efficient wall washer,10.1117/12.896803,2011
pub.1029001577,The physics in applications of ultrafast lasers,10.1117/12.911309,2011
pub.1006901152,Optical system design for a reflector-based LED food lighting module,10.1117/12.893688,2011
pub.1023812228,"Nanocrystalline TiC reinforced Ti matrix bulk-form nanocomposites by Selective Laser Melting (SLM): Densification, growth mechanism and wear behavior",10.1016/j.compscitech.2011.07.010,2011
pub.1015136565,"Chapter 2: Modeling, Analysis and Simulation of Manufacturing Processes",10.4028/www.scientific.net/amr.337.274,2011
pub.1038635025,Tracking the contour,10.1002/latj.201190058,2011
pub.1005525443,Replication of specifically microstructured surfaces in A356-alloy via lost wax investment casting,10.1088/0960-1317/21/8/085026,2011
pub.1029082799,Design methodology for modular tools,10.1007/s11740-011-0318-x,2011
pub.1016450597,Technology roadmapping for the production in high-wage countries,10.1007/s11740-011-0324-z,2011
pub.1007760703,Review on the development of a hybrid incremental sheet forming system for small batch sizes and individualized production,10.1007/s11740-011-0325-y,2011
pub.1008326596,Direct photonic production: towards high speed additive manufacturing of individualized goods,10.1007/s11740-011-0331-0,2011
pub.1010426588,"Injection molding of products with functional surfaces by micro-structured, PVD coated injection molds",10.1007/s11740-011-0319-9,2011
pub.1002096124,Towards integrative computational materials engineering of steel components,10.1007/s11740-011-0322-1,2011
pub.1024547735,Self-optimizing assembly of laser systems,10.1007/s11740-011-0328-8,2011
pub.1044189813,Stress analysis of extensively and partially soldered optical components,10.1016/j.optlaseng.2011.03.015,2011
pub.1040294309,Drei in einem Kopf,10.1002/latj.201190039,2011
pub.1038195553,Kleinste Strukturen auf großen Flächen,10.1002/latj.201190038,2011
pub.1013771805,Manufacturing of individual biodegradable bone substitute implants using selective laser melting technique,10.1002/jbm.a.33058,2011
pub.1037548444,Fabrication of 2D protein microstructures and 3D polymer–protein hybrid microstructures by two-photon polymerization,10.1088/1758-5082/3/2/025003,2011
pub.1043395956,Laser-assisted asymmetric incremental sheet forming of titanium sheet metal parts,10.1007/s11740-011-0299-9,2011
pub.1014464305,Ablation of PEDOT/PSS with excimer lasers for micro structuring of organic electronic devices,10.1016/j.synthmet.2011.03.014,2011
pub.1093222353,High Average Power Ultrafast Lasers,10.1109/cleoe.2011.5942423,2011
pub.1017779153,Preparation and characterisation of dry thin native protein trehalose films on titanium-coated cyclo-olefin polymer (COP) foil generated by spin-coating/drying process and applied for protein transfer by Laser-Induced-Forward Transfer (LIFT),10.1016/j.cep.2010.11.001,2011
pub.1038726302,Foundations for the 21st century,10.1002/latj.201190033,2011
pub.1094965707,Manufacturing of micro-structured parts for mass production purposes,10.1109/isam.2011.5942365,2011
pub.1027903186,Glue-free assembly of glass fiber reinforced thermoplastics using laser light,10.1117/12.888796,2011
pub.1045276638,Eco-efficiency of laser welding applications,10.1117/12.888794,2011
pub.1012605348,"Diode-pumped single-frequency-Nd:YGG-MOPA for water–vapor DIAL measurements: design, setup and performance",10.1007/s00340-010-4314-1,2011
pub.1003334747,Water vapor differential absorption lidar measurements using a diode-pumped all-solid-state laser at 935 nm,10.1007/s00340-010-4310-5,2011
pub.1018524132,Investment Casting of Surfaces with Microholes and Their Possible Applications,10.1002/9781118061992.ch123,2011
pub.1024720760,1100 W Yb:YAG femtosecond Innoslab amplifier,10.1117/12.878472,2011
pub.1047570431,Extending the process limits of laser polymer welding with high-brilliance beam sources (recent status and prospects of POLYBRIGHT),10.1117/12.874554,2011
pub.1019629964,Compositionally tuned Nd:(YxLu1-x)3Ga5O12-laser at 935 nm for H2O-dial systems,10.1117/12.878478,2011
pub.1011499724,Efficient frequency conversion of pulsed microchip and fiber laser radiation in PPSLT,10.1117/12.878870,2011
pub.1038086508,Simulation and analysis of volume holographic gratings integrated in collimation optics for wavelength stabilization,10.1117/12.877538,2011
pub.1040593768,"Actinic EUV-mask metrology: tools, concepts, components",10.1117/12.896266,2011
pub.1032728100,EUV actinic mask blank defect inspection: results and status of concept realization,10.1117/12.896890,2011
pub.1007766810,Diffraction of light in intermediate regime of acoustooptical interaction at oblique incidence,10.1134/s0030400x11020123,2011
pub.1004208069,Mikrostrukturieren mit Zukunft,10.1002/latj.201190008,2011
pub.1038349943,Phase Transformations,10.1007/978-3-642-01237-2_6,2011
pub.1008555041,Parameter Dependencies of Copper Welding with Multi-kW Lasers at 1 Micron Wavelength,10.1016/j.phpro.2011.03.013,2011
pub.1008753408,Individualisierte Produktion,10.1007/978-3-642-20693-1_3,2011
pub.1029957214,Selbstoptimierende Produktionssysteme,10.1007/978-3-642-20693-1_6,2011
pub.1023002317,Hybride Produktionssysteme,10.1007/978-3-642-20693-1_5,2011
pub.1046603973,Design Surfaces by Laser Remelting,10.1016/j.phpro.2011.03.053,2011
pub.1016766111,High Power Selective Laser Melting (HP SLM) of Aluminum Parts,10.1016/j.phpro.2011.03.035,2011
pub.1021376038,Thermomechanics,10.1007/978-3-642-01237-2_5,2011
pub.1000684315,Melt Flow,10.1007/978-3-642-01237-2_7,2011
pub.1038574182,Absorption of Laser Radiation,10.1007/978-3-642-01237-2_3,2011
pub.1028336992,Plasma Physics,10.1007/978-3-642-01237-2_9,2011
pub.1019655134,Joining,10.1007/978-3-642-01237-2_14,2011
pub.1031011534,Meta-modeling for Manufacturing Processes,10.1007/978-3-642-25489-5_20,2011
pub.1052136231,Investment Casting of Surfaces with Microholes and Their Possible Applications,10.1007/978-3-319-48160-9_123,2011
pub.1028009579,Laser Measurement Technology,10.1007/978-3-642-01237-2_19,2011
pub.1012422600,Ablation,10.1007/978-3-642-01237-2_15,2011
pub.1005787359,System Technology,10.1007/978-3-642-01237-2_18,2011
pub.1005578991,The Behavior of Electromagnetic Radiation at Interfaces,10.1007/978-3-642-01237-2_2,2011
pub.1035451339,Business and Technology Cases,10.1007/978-3-642-20693-1_7,2011
pub.1002223355,Restoration of Nickel-Base Turbine Blade Knife-Edges with Controlled Laser Aided Additive Manufacturing,10.1016/j.phpro.2011.03.051,2011
pub.1000048024,Process Studies on Laser Welding of Copper with Brilliant Green and Infrared Lasers,10.1016/j.phpro.2011.03.142,2011
pub.1035892231,Design of an Optical system for the In Situ Process Monitoring of Selective Laser Melting (SLM),10.1016/j.phpro.2011.03.085,2011
pub.1011076065,Laser Based Inline Production of Wear Protection Coatings on Temperature Sensitive Substrates,10.1016/j.phpro.2011.03.060,2011
pub.1011720311,Ultrafast Scan Techniques for 3D-μm Structuring of Metal Surfaces with high repetitive ps-laser pulses,10.1016/j.phpro.2011.03.112,2011
pub.1038964122,Virtuelle Produktionssysteme,10.1007/978-3-642-20693-1_4,2011
pub.1003649454,Fast single piece identification with a 3D scanning LIBS for aluminium cast and wrought alloys recycling,10.1039/c1ja10096c,2011
pub.1012923174,Laser Beam Sources,10.1007/978-3-642-01237-2_10,2011
pub.1018254625,Influence of Pulse Duration in Picosecond Laser Ablation of Silicon Nitride Layers,10.1016/j.egypro.2011.06.191,2011
pub.1034719651,Surface Treatment,10.1007/978-3-642-01237-2_11,2011
pub.1001027837,Drilling,10.1007/978-3-642-01237-2_16,2011
pub.1042643364,Laser-Induced Vaporization,10.1007/978-3-642-01237-2_8,2011
pub.1039381792,Introduction,10.1007/978-3-642-01237-2_1,2011
pub.1038891533,Coaxial Control of Aluminum and Steel Laser Brazing Processes,10.1016/j.phpro.2011.03.094,2011
pub.1042106150,Energy Input per Unit Length – High Accuracy Kinematic Metrology in Laser Material Processing,10.1016/j.phpro.2011.03.151,2011
pub.1024958592,Optics,10.1007/978-3-642-01237-2_20,2011
pub.1042264027,Energy Transport and Heat Conduction,10.1007/978-3-642-01237-2_4,2011
pub.1001553907,Applying Functionally Graded Materials by Laser Cladding: a cost-effective way to improve the Lifetime of Die-Casting Dies,10.1007/978-3-642-19692-8_41,2011
pub.1013672084,Development of a Laser Based Process Chain for Manufacturing Freeform Optics,10.1016/j.phpro.2011.03.064,2011
pub.1008847975,14.2 High-power diode laser systems,10.1007/978-3-642-14177-5_14,2011
pub.1041454380,Forming,10.1007/978-3-642-01237-2_12,2011
pub.1017503070,Cutting,10.1007/978-3-642-01237-2_17,2011
pub.1041607878,Influence of Intensity Distribution and Pulse Duration on Laser Micro Polishing,10.1016/j.phpro.2011.03.057,2011
pub.1020497622,Laser Assisted Joining of Plastic Metal Hybrids,10.1016/j.phpro.2011.03.146,2011
pub.1024282854,Investigation of the Influence of Pulse Duration in Laser Processes for Solar Cells,10.1016/j.phpro.2011.03.134,2011
pub.1002538833,Laser-Based Production of Metallic Conducting Paths,10.1016/j.phpro.2011.03.131,2011
pub.1065229527,Compact diode-pumped 1.1 kW Yb:YAG Innoslab femtosecond amplifier.,10.1364/ol.35.004169,2010
pub.1019743032,Theoretical approach to estimate laser process parameters for drilling in crystalline silicon,10.1002/pip.1012,2010
pub.1025069941,Expansion-matched heat sinks made by micrometal injection molding,10.1117/2.1201010.003178,2010
pub.1094023475,NOVEL APPLICATIONS FOR HIGH POWER DIODE LASERS,10.1109/hpd.2010.6024196,2010
pub.1033741490,Prozessauslegung beim Laserstrahlunterstützten Stanzen,10.1002/latj.201090091,2010
pub.1010363980,Maßgeschneiderte Oberflächen und Bauteile,10.1002/latj.201090087,2010
pub.1027622887,Ductility of a Ti‐6Al‐4V alloy produced by selective laser melting of prealloyed powders,10.1108/13552541011083371,2010
pub.1015764607,Tunable surface texturing by polarization-controlled three-beam interference,10.1088/0960-1317/20/9/095004,2010
pub.1008222046,Design of efficient freeform lenses for mass-market illumination applications using hybrid algorithms,10.1117/12.865365,2010
pub.1012705376,Extreme Ultraviolet Lithography,10.1002/9783527628155.nanotech025,2010
pub.1053270718,Maßgeschneiderte Oberflächen und Bauteile,10.1002/latj.201090061,2010
pub.1042966106,Energetic Sn+ irradiation effects on ruthenium mirror specular reflectivity at 13.5-nm,10.1007/s00339-010-5581-8,2010
pub.1012955218,Advances in hybrid laser joining,10.1007/s00170-009-2124-6,2010
pub.1036142133,Optical characterization of polycarbonate: Influence of additives on optical properties,10.1002/polb.21906,2010
pub.1027451949,"Compact module of a frequency-doubled, CW diode laser with an output power of more than 500 mW at 531 nm and a beam quality of less than 1.3",10.1117/12.841778,2010
pub.1021190307,Frequency doubling of fiber laser radiation of large spectral bandwidths,10.1117/12.842075,2010
pub.1031459715,"Efficient, green laser based on a blue-diode pumped rare-earth-doped fluoride crystal in an extremely short resonator",10.1117/12.839998,2010
pub.1033725716,Defect inspection with an EUV microscope,10.1117/12.863818,2010
pub.1031482308,Laser Polishing in Medical Engineering,10.1002/latj.201090028,2010
pub.1029158394,Part 1 – Coherent Light: “From Chips to Ships”,10.1002/latj.201090022,2010
pub.1040299846,Laser Additive Manufacturing,10.1002/latj.201090029,2010
pub.1010963412,Understanding the Laser Process,10.1002/latj.201090027,2010
pub.1019335194,Laser‐mediated fixation of collagen‐based scaffolds to dermal wounds,10.1002/lsm.20901,2010
pub.1031013991,Individualized production by means of high power Selective Laser Melting,10.1016/j.cirpj.2010.03.005,2010
pub.1093400462,Both Sides Cooled Packages for High-Power Diode Laser Bars,10.1109/ectc.2010.5490770,2010
pub.1009416933,Numerical Stabilization of the Melt Front for Laser Beam Cutting,10.1007/978-3-642-11795-4_6,2010
pub.1038130423,Contributor contact details,10.1016/b978-1-84569-474-6.50027-5,2010
pub.1038457631,10 Enhancing laser welding capabilities by hybridisation or combination with other processes,10.1533/9781845699819.3.261,2010
pub.1027416965,The ecological footprint of laser beam welding,10.1016/j.phpro.2010.08.025,2010
pub.1014120524,Net shaped high performance oxide ceramic parts by selective laser melting,10.1016/j.phpro.2010.08.086,2010
pub.1047663579,Functionally graded multi-layers by laser cladding for increased wear and corrosion protection,10.1016/j.phpro.2010.08.157,2010
pub.1049679061,Size-resolved analysis of fine and ultrafine particulate matter by laser-induced breakdown spectroscopy,10.1039/b927493f,2010
pub.1027127673,Hydrodynamics of material removal by melt expulsion: Perspectives of laser cutting and drilling,10.1016/j.phpro.2010.08.118,2010
pub.1015390095,In-situ quality monitoring during laser brazing,10.1016/j.phpro.2010.08.077,2010
pub.1008388539,Local laser heat treatment of ultra high strength steels to improve formability,10.1007/s11740-009-0186-9,2009
pub.1022208733,Line image sensors for spectroscopic applications in the extreme ultraviolet,10.1088/0957-0233/20/10/105201,2009
pub.1017884193,Chlorine detection in cement with laser-induced breakdown spectroscopy in the infrared and ultraviolet spectral range,10.1016/j.sab.2009.07.021,2009
pub.1033378414,EUV microscopy for defect inspection by dark-field mapping and zone plate zooming,10.1088/1742-6596/186/1/012030,2009
pub.1036533130,Optical setup for tabletop soft X-ray microscopy using electrical discharge sources,10.1088/1742-6596/186/1/012033,2009
pub.1017722835,High power soft x-ray source based on a discharge plasma,10.1088/1742-6596/186/1/012024,2009
pub.1065190861,400W Yb:YAG Innoslab fs-Amplifier.,10.1364/oe.17.012230,2009
pub.1093920532,Yb:KYW Innoslab-Amplifier,10.1109/cleoe-eqec.2009.5192655,2009
pub.1093319141,"Efficient, green laser based on a blue-diode pumped rare earth doped fluoride crystal in an extreme short resonator",10.1109/cleoe-eqec.2009.5196609,2009
pub.1013611639,"Visualising the procedures in the influence of water on the ablation of dental hard tissue with erbium:yttrium–aluminium–garnet and erbium, chromium:yttrium–scandium–gallium-garnet laser pulses",10.1007/s10103-008-0571-1,2009
pub.1065257771,Automated Detection of Fingerprint Traces of High Explosives Using Ultraviolet Raman Spectroscopy,10.1366/000370209788346922,2009
pub.1057912021,Adaptive spatially resolving detector for the extreme ultraviolet with absolute measuring capability.,10.1063/1.3097883,2009
pub.1043528258,Automated assembly of fast-axis collimation (FAC) lenses for diode laser bar modules,10.1117/12.809190,2009
pub.1002898093,High wall-plug efficiency diode lasers with an Al-free active region at 975 nm,10.1117/12.808426,2009
pub.1047343285,Experimental and theoretical studies on kW class polarized fiber lasers for cw operation,10.1117/12.812112,2009
pub.1006689847,High power UV generation at 355 nm by means of extracavity frequency conversion of a high repetition rate Innoslab MOPA system,10.1117/12.813633,2009
pub.1048373928,Single-frequency Nd:YGG laser at 935 nm for future water-vapour DIAL systems,10.1117/12.814715,2009
pub.1052864881,Packaging influence on laser bars of different dimensions,10.1117/12.810483,2009
pub.1050968790,Power scaling of ytterbium INNOSLAB amplifiers beyond 100W average power,10.1117/12.812816,2009
pub.1046825481,100 W/100 μm passively cooled fiber coupled diode laser at 976 nm based on multiple 100 μm single emitters,10.1117/12.810487,2009
pub.1010601452,High-power fiber-coupled modules based on tapered diode lasers at 975 nm,10.1117/12.809240,2009
pub.1036016915,Novel design of a gain-switched diode-pumped fiber laser,10.1117/12.807721,2009
pub.1031087205,Investigation of n-side cooling in regards to bar geometry and packaging style of diode laser,10.1117/12.809508,2009
pub.1033523047,Power-scaling and prototyping of a gain switched Ti:Sapphire laser with a tuning range of 400 nm,10.1117/12.809085,2009
pub.1037056522,High-power frequency stabilized tapered diode amplifiers at 1064 nm,10.1117/12.808107,2009
pub.1015647586,High-peak-power fiber coupled super-pulsed diode lasers,10.1117/12.813486,2009
pub.1017143373,Laser?oxygen cutting of mild steel: the thermodynamics of the oxidation reaction,10.1088/0022-3727/42/1/015504,2009
pub.1034561617,Laser Micro Manufacturing,10.1002/latj.200990001,2009
pub.1033581948,Sufficient Conditions and Sensitivity Analysis for Optimal Bang-Bang Control Problems with State Constraints,10.1007/978-3-642-04802-9_4,2009
pub.1077935134,A method for joining polymers and metals or polymers and ceramics.,,2009
pub.1012780498,Manufacturing of bone substitute implants using Selective Laser Melting,10.1007/978-3-540-89208-3_534,2009
pub.1009775000,Compact high Power Ytterbium based fs-Oscillator-Amplifier System,10.1007/978-3-540-95946-5_239,2009
pub.1006718567,"Disk, fiber, rod, slab: new laser concepts open new application perspectives",10.1117/12.817967,2008
pub.1020294050,Development and application of miniaturized scanners for laser beam micro-welding,10.1007/s00542-008-0632-1,2008
pub.1006292747,"Applications of laser transmission processes for the joining of plastics, silicon and glass micro parts",10.1007/s00542-008-0675-3,2008
pub.1065226465,Compact soft x-ray microscope using a gas-discharge light source.,10.1364/ol.33.002359,2008
pub.1020298776,Analysis of size-classified fine and ultrafine particulate matter on substrates with laser-induced breakdown spectroscopy,10.1016/j.sab.2008.08.012,2008
pub.1009998983,Comparison of 1064 nm and 266 nm excitation of laser-induced plasmas for several types of plastics and one explosive,10.1016/j.sab.2008.06.008,2008
pub.1029430791,Time-resolved investigations of laser-induced plasmas generated by nanosecond bursts in the millijoule burst energy regime,10.1016/j.sab.2008.08.007,2008
pub.1005771950,Spectral line selection for time-resolved investigations of laser-induced plasmas by an iterative Boltzmann plot method,10.1016/j.sab.2008.08.003,2008
pub.1003068655,"Laser-induced breakdown spectroscopy—From research to industry, new frontiers for process control",10.1016/j.sab.2008.08.011,2008
pub.1032111133,Fast vacuum slag analysis in a steel works by laser-induced breakdown spectroscopy,10.1016/j.sab.2008.08.004,2008
pub.1095100516,High-Wall Plug Efficiency Broad Area Laser Bar with Strain-Compensated Quantum Well,10.1109/islc.2008.4636030,2008
pub.1061765512,Extreme Ultraviolet Plasma Source for Future Lithography,10.1109/tps.2008.917780,2008
pub.1005642888,Laserdurchstrahlschweißen von Thermoplasten,10.1002/latj.200890040,2008
pub.1016901173,Influence of relative gas humidity on the inactivation efficiency of a low temperature gas plasma,10.1111/j.1365-2672.2007.03691.x,2008
pub.1042778328,High speed high precision ablation from ms to fs,10.1117/12.785225,2008
pub.1093867552,Cooling Approaches for High Power Diode Laser Bars,10.1109/ectc.2008.4550100,2008
pub.1093919905,High power Yb:YAG Innoslab fs-amplifier,10.1109/cleo.2008.4551698,2008
pub.1094851523,Full Automated Packaging of High-Power Diode Laser Bars,10.1109/ectc.2008.4550096,2008
pub.1036081649,“Reality Begins with Dreams”,10.1002/latj.200890036,2008
pub.1051026453,Innovative Laser Welding Processes,10.1002/latj.200890027,2008
pub.1001375658,Process Monitoring and Control of Laser Beam Welding,10.1002/latj.200890024,2008
pub.1052432291,Frequency stabilized high brightness tapered amplifier and laser modules,10.1117/12.780241,2008
pub.1048401202,Thermal and optical characterization of collectors integrated in a Sn-DPP based SoCoMo,10.1117/12.772977,2008
pub.1032305081,Emitter resolved analysis of packaged laser bars,10.1117/12.764576,2008
pub.1009789066,High-power laser bars with emission in the red spectral range for medical applications,10.1117/12.765091,2008
pub.1044470974,Very high-efficiency frequency-tripled Nd:YAG MOPA for spaceborne lidar,10.1117/12.763640,2008
pub.1042958883,Thermal resistance in dependence of diode laser packages,10.1117/12.764676,2008
pub.1042373564,Single mode fiber coupled tapered laser module with frequency stabilized spectrum,10.1117/12.764801,2008
pub.1009461751,"50 W passively cooled, fiber coupled diode laser at 976 nm for pumping fiber lasers using 100 μm fiber bundles",10.1117/12.763739,2008
pub.1012600070,Ablative targeting of fatty‐tissue using a high‐powered diode laser,10.1002/lsm.20602,2008
pub.1035555012,Infrared picosecond laser for perforation of single plant cells,10.1002/bit.21549,2008
pub.1010892981,Laser Micro Processing,10.1002/latj.200790202,2008
pub.1013883404,Enhanced processing speed in laser drilling of stainless steel by spatially and temporally superposed pulsed Nd:YAG laser radiation,10.1007/s00170-006-0768-z,2008
pub.1011346367,"Physik verstehen, Eine Einführung in die Denkweise der Physik. Homogene Systeme",10.1524/9783486595338,2008
pub.1016112670,Fibre laser welding for packaging of disposable polymeric microfluidic-biochips,10.1016/j.apsusc.2007.08.013,2007
pub.1043695931,Structural and mechanical evaluations of a topology optimized titanium interbody fusion cage fabricated by selective laser melting process,10.1002/jbm.a.31231,2007
pub.1044935245,Sterilization efficiency of a cascaded dielectric barrier discharge,10.1111/j.1365-2672.2007.03385.x,2007
pub.1019106607,Spaceborne fiber coupled diode laser pump modules for intersatellite communications,10.1117/12.738005,2007
pub.1022931247,Laser-mediated perforation of plant cells,10.1117/12.728113,2007
pub.1093829488,Diagnosis and Simulation of High Speed Drilling,10.1109/cleoe-iqec.2007.4386676,2007
pub.1093196200,Characterization of high power multimode combiners,10.1109/cleoe-iqec.2007.4386476,2007
pub.1013246361,Fine micro-welding of thin metal sheet by high speed laser scanning,10.1117/12.722161,2007
pub.1051819457,Si-Kα radiation generated by the interaction of femtosecond laser radiation with silicon,10.1088/1742-6596/59/1/034,2007
pub.1004184333,Investigation on laser micro ablation of metals using ns-multi-pulses,10.1088/1742-6596/59/1/094,2007
pub.1033626048,Anwendung brillanter Diodenlaser beim Schweißen von Aluminium‐Dünnblechen,10.1002/latj.200790153,2007
pub.1032468943,Development and qualification of a novel laser-cladding head with integrated sensors,10.1016/j.ijmachtools.2006.05.010,2007
pub.1093500741,1.1W Four-Wavelength Raman Pump using BH Lasers,10.1109/ofc.2007.4348587,2007
pub.1029142808,"Multi ten-watt, ultra-stable, and tuneable Innoslab-based single frequency MOPA",10.1117/12.709592,2007
pub.1018994077,Novel high peak current pulsed diode laser sources for direct material processing,10.1117/12.701406,2007
pub.1037886360,Fiber coupled diode laser of high spectral and spatial beam quality with kW class output power,10.1117/12.708567,2007
pub.1009542556,Fiber-coupled diode laser modules with wavelengths around 2 μm,10.1117/12.701869,2007
pub.1012677521,Next generation of cooling approaches for diode laser bars,10.1117/12.701896,2007
pub.1019870324,Non-corrosive micro cooler with matched CTE,10.1117/12.700120,2007
pub.1006947090,Frequency stabilization of Q-switched Nd:YAG oscillators for airborne and spaceborne lidar systems,10.1117/12.701187,2007
pub.1022517029,Status report on EUV source development and EUV source applications in EUVL,10.1117/12.737183,2007
pub.1018027358,Perturbation of spectra and spectral subspaces,10.1090/s0002-9947-06-03930-4,2007
pub.1026463026,Material ablation and plasma state for single and collinear double pulses interacting with iron samples at ambient gas pressures below 1 bar,10.1007/s00340-006-2443-3,2007
pub.1001614712,Online Multielement Analysis of the Top Gas of a Blast Furnace by Laser-induced Breakdown Spectroscopy (LIBS),10.1007/s00501-006-0268-3,2007
pub.1008039425,3.1 Gas laser systems,10.1007/978-3-540-44821-1_3,2007
pub.1003384436,Optical micro-lens array for laser plasma generation in spectrochemical analysis,10.1039/b708564h,2007
pub.1017201126,Robust High-Speed Melt Pool Measurements for Laser Welding with Sputter Detection Capability,10.1007/978-3-540-74936-3_48,2007
pub.1010333244,1.1 Survey of laser systems,10.1007/978-3-540-44821-1_1,2007
pub.1028672168,Identification and qualification of temperature signal for monitoring and control in laser cladding,10.1016/j.optlaseng.2006.01.009,2006
pub.1026515747,Characterization of the process control for the direct laser metallic powder deposition,10.1016/j.surfcoat.2006.05.006,2006
pub.1001665192,Investigation on the direct laser metallic powder deposition process via temperature measurement,10.1016/j.apsusc.2006.02.025,2006
pub.1002784165,Laser transmission joining in microtechnology,10.1007/s00542-006-0237-5,2006
pub.1029353424,The future of high power laser techniques,10.1117/12.738794,2006
pub.1017815137,"“Manchmal sind wir mehr Firma als Institut” – Ein Gespräch mit Reinhart Poprawe, Leiter des Fraunhofer‐Instituts für Lasertechnik",10.1002/latj.200790114,2006
pub.1045821821,Kontrolle beim Mikroschweißen – Automatisierte Prozessüberwachung durch koaxiale Prozesskontrolle mit Fremdbeleuchtung,10.1002/latj.200790120,2006
pub.1015038605,Mikrofügen mit Laserstrahlung – Innovative Verfahren zur Fertigung mikrotechnischer Bauteile,10.1002/latj.200790106,2006
pub.1046083638,3 Laser transmission joining in microtechnology,10.1007/s00542-006-0096-0,2006
pub.1033765774,New approach to online monitoring of the Al depth profile of the hot-dip galvanised sheet steel using LIBS,10.1007/s00216-006-0347-z,2006
pub.1007029307,Terms and notations for laser-induced breakdown spectroscopy,10.1007/s00216-006-0389-2,2006
pub.1050672848,Systematic line selection for online coating thickness measurements of galvanised sheet steel using LIBS,10.1007/s00216-006-0348-y,2006
pub.1008785953,Laser-induced breakdown spectroscopy - EMSLIBS 2005,10.1007/s00216-006-0390-9,2006
pub.1001490877,Laser-induced ablation of a steel sample in different ambient gases by use of collinear multiple laser pulses,10.1007/s00216-006-0359-8,2006
pub.1020862535,200μm glass fibres for minimally invasive laser procedures in paranasal sinus surgery,10.1016/j.mla.2005.11.001,2006
pub.1010750648,"Structural, mechanical and in vitro characterization of individually structured Ti–6Al–4V produced by direct laser forming",10.1016/j.biomaterials.2005.07.041,2006
pub.1047556561,"MOPA with kW average power and multi MW peak power: experimental results, theoretical modeling, and scaling limits",10.1117/12.646523,2006
pub.1015945371,Homogenization of high power diode laser beams for pumping and direct applications,10.1117/12.645260,2006
pub.1021255135,Comparison between 50 W tapered laser arrays and tapered single emitters,10.1117/12.646125,2006
pub.1013119173,Characterization device for measuring beam parameter product and beam quality of collimated and uncollimated diode lasers,10.1117/12.646828,2006
pub.1036740782,Expansion-matched passively cooled heatsinks with low thermal resistance for high-power diode laser bars,10.1117/12.645934,2006
pub.1034805724,High efficient difference frequency generation of tunable visible light in a self-controlled process,10.1117/12.645963,2006
pub.1037925946,Non corrosive micro coolers with matched CTE,10.1117/12.647625,2006
pub.1010320661,Dense wavelength multiplexing for a high power diode laser,10.1117/12.644614,2006
pub.1002816988,On the Lipschitz continuity of the integrated density of states for sign-indefinite potentials,10.1007/s00209-005-0860-3,2006
pub.1038466336,Morphological effects of nanosecond- and femtosecond-pulsed laser ablation on human middle ear ossicles,10.1117/1.2166432,2006
pub.1030198292,Stand-Off Detection of Surface Contaminations with Explosives Residues Using Laser-Spectroscopic Methods,10.1007/1-4020-5159-x_12,2006
pub.1053331378,Röntgenstrahlung aus Laserstrahlung – Mit einzigartigen Eigenschaften für die Anwendung,10.1002/latj.200790073,2005
pub.1043381123,Manufacture of high-aspect-ratio micro-hair sensor arrays,10.1088/0960-1317/15/10/016,2005
pub.1020617504,Study of experimental and numerical simulation of laser ablation in stainless steel,10.1002/lapl.200510024,2005
pub.1020702190,Laser applications in microtechnology,10.1016/j.jmatprotec.2005.05.049,2005
pub.1020913253,Concept and operating performance of inspection machines for industrial use based on laser-induced breakdown spectroscopy,10.1016/j.sab.2005.05.025,2005
pub.1000125741,Investigation of matrix effects in laser-induced breakdown spectroscopy plasmas of high-alloy steel for matrix and minor elements,10.1016/j.sab.2005.05.027,2005
pub.1042619448,Online coating thickness measurement and depth profiling of zinc coated sheet steel by laser-induced breakdown spectroscopy,10.1016/j.sab.2005.07.003,2005
pub.1038081957,Analysis of small droplets with a new detector for liquid chromatography based on laser-induced breakdown spectroscopy,10.1016/j.sab.2005.05.033,2005
pub.1005997236,Electron excitation in glasses followed by time- and space-measuring tools,10.1016/j.apsusc.2005.03.034,2005
pub.1044806066,"Progress on EUV-source development, tool integration and applications",10.1117/12.637333,2005
pub.1013734479,Integrating Philips' extreme UV source in the alpha-tools,10.1117/12.598650,2005
pub.1011987029,Laser-induced crystallization of calcium phosphate coatings on polyethylene (PE),10.1016/j.biomaterials.2004.07.002,2005
pub.1049769811,Development trends of new high-power laser sources (Invited Paper),10.1117/12.602527,2005
pub.1003704221,Microsurgical anastomosis of sperm duct by laser tissue soldering,10.1117/12.588941,2005
pub.1009664913,Erratum to: Approximate model for laser trepanning with microsecond Nd:YAG laser radiation,10.1007/s00339-004-3042-y,2005
pub.1002392614,On the Existence of Solutions to the Operator Riccati Equation and the tan Θ Theorem,10.1007/s00020-003-1248-6,2005
pub.1026384925,Temperature tides and waves near the mesopause from lidar observations at two latitudes,10.1029/2005jd005770,2005
pub.1014991265,Transient Liquid Phase Bonding,10.1007/3-540-27536-3_7,2005
pub.1024891596,Laserstrahlmikroschweißen,10.1007/3-540-27536-3_10,2005
pub.1034680881,Laserstrahl-Löten,10.1007/3-540-27536-3_8,2005
pub.1012407413,Laserstrahlbonden,10.1007/3-540-27536-3_9,2005
pub.1001348820,Aktive Laserstrahljustage,10.1007/3-540-27536-3_5,2005
pub.1031604515,The Singularly Continuous Spectrum and Non-Closed Invariant Subspaces,10.1007/3-7643-7398-9_14,2005
pub.1095048190,Widely Tunable Ti:Sapphire Laser with Highly Efficient Difference Frequency Generation in the Visible Spectral Range,10.1109/cleoe.2005.1567830,2005
pub.1025159841,Inline-Verfahren,10.1007/3-540-27536-3_16,2005
pub.1031364663,Fundamentals and limits for the EUV emission of pinch plasma sources for EUV lithography,10.1088/0022-3727/37/23/002,2004
pub.1020788185,Design and development of an optical system for EUV-microscopy,10.1117/12.559675,2004
pub.1034257825,Applications of high-power slow mode-locked lasers for ablation and nonlinear optics,10.1117/12.548339,2004
pub.1011902213,Ultrafast time-resolved photography of femtosecond laser induced modifications in BK7 glass and fused silica,10.1007/s00339-004-2861-1,2004
pub.1027145370,Approximate model for laser trepanning with microsecond Nd:YAG laser radiation,10.1007/s00339-004-2694-y,2004
pub.1042050186,Table-top 50-W laser system for ultra-fast laser ablation,10.1007/s00339-004-2626-x,2004
pub.1031072378,Innovative Schutzplanken aus Stahl,10.1002/bate.200490155,2004
pub.1047788285,Laser microjoining of dissimilar and biocompatible materials,10.1117/12.530239,2004
pub.1024199626,Characterization of tapered diode laser bars for the use in high-power diode laser systems,10.1117/12.529086,2004
pub.1021409479,Mechanical stress-reducing heat sinks for high-power diode lasers,10.1117/12.530677,2004
pub.1044815585,Status of EUV-lamp development and demonstration of applications,10.1117/12.538058,2004
pub.1036514324,High-throughput EUV reflectometer for EUV mask blanks,10.1117/12.537012,2004
pub.1008187068,Status of Philips' extreme UV source,10.1117/12.538041,2004
pub.1004394017,High temperature superconductor dc-SQUID microscope with a soft magnetic flux guide,10.1088/0953-2048/17/5/020,2004
pub.1052550635,High speed laser-induced breakdown spectrometry for scanning microanalysis,10.1088/0022-3727/37/8/018,2004
pub.1014357711,Micro electron beam welding and laser machining – potentials of beam welding methods in the micro-system technology,10.1007/s00542-003-0347-2,2004
pub.1041914037,A triazene-based new photolabile linker in solid phase chemistry,10.1016/j.tetlet.2004.02.002,2004
pub.1018012811,Modeling and Simulation of Process Monitoring and Control in Laser Cutting,10.1002/3527602585.ch23,2004
pub.1050063519,Approximate Model for Laser Welding,10.1002/3527602585.ch24,2004
pub.1050880205,Short‐Time Dynamics in Laser Material Processing,10.1002/3527602585.ch25,2004
pub.1000542054,A random necklace model,10.1088/0959-7174/14/1/012,2004
pub.1022467851,A Generalization of the tan 2Θ Theorem,10.1007/978-3-0348-7881-4_14,2004
pub.1031021836,Extreme Ultraviolet Radiation from Pulsed Discharges:A New Access to “Nanoscopy” and “Nanolytics”,10.1007/978-3-642-18727-8_23,2004
pub.1050002551,2.6 Cutting: Modeling and data,10.1007/10877768_8,2004
pub.1067960477,Modifications and Color Markings in Glasses by UV Laser Radiation,10.1557/proc-850-mm4.4,2004
pub.1022675099,Compact Laboratory EUV-Lamps: “In-House Beamlines” for Technologies Based on Extreme Ultraviolet Radiation,10.1007/978-3-642-18727-8_36,2004
pub.1067960469,A Bunch of Excellent Properties for Applications of Diode Laser Pumped Solid-State Lasers,10.1557/proc-850-mm2.6,2004
pub.1067960482,"Diagnosis and Modelling of Nonlinear Dynamics in Laser Cutting, Welding and Drilling",10.1557/proc-850-mm5.2,2004
pub.1018293839,"Bulk analysis of steel samples with surface scale layers by enhanced laser ablation and LIBS analysis of C, P, S, Al, Cr, Cu, Mn and Mo",10.1039/b315637k,2004
pub.1044892099,Melt expulsion by a coaxial gas jet in trepanning of CMSX-4 with microsecond Nd:YAG laser radiation,10.1117/12.540753,2003
pub.1025206857,Laser beam micro-welding of dissimilar metals,10.1117/12.540557,2003
pub.1017456124,Laser structuring and modification of surfaces for chemical and medical micro components,10.1117/12.541084,2003
pub.1007476785,Laser-assisted forming of metallic micro-parts,10.1117/12.541079,2003
pub.1048327163,On a subspace perturbation problem,10.1090/s0002-9939-03-06917-x,2003
pub.1065118550,On-line detection of heavy metals and brominated flame retardants in technical polymers with laser-induced breakdown spectrometry.,10.1364/ao.42.006210,2003
pub.1065118548,Liquid steel analysis with laser-induced breakdown spectrometry in the vacuum ultraviolet.,10.1364/ao.42.006199,2003
pub.1065118551,"Laser-induced breakdown spectroscopy of gas mixtures of air, CO2, N2, and C3H8 for simultaneous C, H, O, and N measurement.",10.1364/ao.42.006221,2003
pub.1065256326,Slag Analysis with Laser-Induced Breakdown Spectrometry,10.1366/000370203769699171,2003
pub.1046196067,Laser welding of polymers using high-power diode lasers,10.1117/12.515630,2003
pub.1030230062,Development of Individual Three-Dimensional Bone Substitutes Using “Selective Laser Melting”,10.1007/s00068-003-1332-2,2003
pub.1023973425,Laser beam soldering: an attractive alternative to conventional soldering technologies,10.1117/12.478609,2003
pub.1051252878,Out of the SHADOW: watch parts in the spotlight -- laser beam microwelding of delicate watch components,10.1117/12.482627,2003
pub.1003631173,Laser beam welding of thermoplastics,10.1117/12.478606,2003
pub.1015610607,Investigation of indium solder interfaces for high-power diode lasers,10.1117/12.478370,2003
pub.1029282743,Compact high-power diode laser pump modules for intersatellite communications,10.1117/12.478374,2003
pub.1004348291,Physical properties of the HCT EUV source,10.1117/12.483611,2003
pub.1035691249,Quantum Wires with Magnetic Fluxes,10.1007/s00220-003-0831-7,2003
pub.1029173669,Characterization device for diode-laser-stack beam propagation,10.1117/12.472390,2003
pub.1040537400,Laser beam micro forming as a new adjustment technology using dedicated actuator structures,10.1117/12.498626,2003
pub.1013365818,Laser bonding of micro-optical components,10.1117/12.468518,2003
pub.1065118020,"Diode-end-pumped, electro-optically Q-switched Nd:YVO4 slab laser and its second-harmonic generation.",10.1364/ao.42.001681,2003
pub.1036062454,Development of high-brightness diode lasers: the z-laser,10.1117/12.497968,2003
pub.1017317462,Laser micromanufacturing of molds and forming parts,10.1117/12.499715,2003
pub.1094750949,"Direct Diode Pumped, Regenerative 100 $\mu \mathbf{J}$ Sub100 Fs-Amplifier on the Basis of Colquiriite Crystals",10.1109/cleoe.2003.1313498,2003
pub.1095781934,Spectrochemical Elemental Analysis of Small Liquid Droplets,10.1109/cleoe.2003.1313541,2003
pub.1093913355,"Widely Tunable, Narrow Linewidth All-Solid-State Laser System",10.1109/cleoe.2003.1312086,2003
pub.1017025279,Diode end-pumped high-power Nd:YVO4 slab laser,10.1117/12.481798,2002
pub.1061763546,Reduction of Bacillus Subtilis and Aspergillus Niger Spores Using Nonthermal Atmospheric Gas Discharges,10.1109/tps.2002.804182,2002
pub.1010686291,Physical properties of the HCT EUV source,10.1117/12.472271,2002
pub.1043091605,SHADOW: a new welding technique,10.1117/12.470664,2002
pub.1041561700,Laser beam microwelding in the watch industry,10.1117/12.470666,2002
pub.1003877975,Laser welding of polymers using high-power diode lasers,10.1117/12.470660,2002
pub.1045475446,Automated beam monitoring and diagnosis for CO2 lasers,10.1117/12.469485,2002
pub.1012387808,Diode laser modules of highest brilliance for materials processing,10.1117/12.467954,2002
pub.1028297027,Carrier density dependence of the lifetime of InGaAs/AlGaAs high-power lasers,10.1117/12.462643,2002
pub.1088715031,STATISTICAL ENSEMBLES AND DENSITY OF STATES,10.1142/9789812777478_0015,2002
pub.1029793454,Energy transfer in scattering by rotating potentials,10.1007/bf02829640,2002
pub.1061150483,Band-Edge Aligned Quaternary Carrier Barriers in InGaAs–AlGaAs High-Power Diode Lasers for Improved High-Temperature Operation,10.1109/3.973321,2002
pub.1095067988,Design of a Laser Diode Pumped 100 µJ Regenerative Cr:LISGaF fs-amplifier,10.1109/cleo.2002.1034112,2002
pub.1094010862,A cw kW- Class Diode End Pumped Nd:YAG Slab Laser,10.1109/cleo.2002.1034490,2002
pub.1027564391,"Laser Machining by short and ultrashort pulses, state of the art and new opportunities in the age of the photons",10.1016/s0007-8506(07)61699-0,2002
pub.1018053011,Regularity of the Surface Density of States,10.1006/jfan.2001.3805,2001
pub.1025134682,Stimulated Brillouin scattering of Q-switched laser pulses in large-core optical fibres,10.1016/s0030-3992(01)00086-x,2001
pub.1051350452,Pinch Plasma Radiation Sources for the Extreme Ultraviolet,10.1002/1521-3986(200111)41:6<589::aid-ctpp589>3.0.co;2-z,2001
pub.1014914445,Preliminary results from key experiments on sources for EUV lithography,10.1016/s0167-9317(01)00533-0,2001
pub.1021000922,A multi-kilohertz pinch plasma radiation source for extreme ultraviolet lithography,10.1016/s0167-9317(01)00437-3,2001
pub.1012452182,Locally selective bonding of silicon and glass with laser,10.1016/s0924-4247(01)00622-7,2001
pub.1037012668,Numerical simulations of novel high-power high-brightness diode laser structures,10.1117/12.432611,2001
pub.1017938007,Improved high-temperature operation of InGaAs/AlGaAs LOC SQW diode lasers by incorporation of short-period superlattice quantum-well barriers,10.1117/12.432572,2001
pub.1024077259,Non-equilibrium solidification by laser surface alloying of molybdenum with nickel: Structure and properties of alloyed layers,10.1023/a:1017950806450,2001
pub.1032769723,Laser processing of components for polymer mircofluidic and optoelectronic products,10.1117/12.432535,2001
pub.1037945085,High-brightness laser diodes using angular filtering by total reflection,10.1117/12.429801,2001
pub.1040595058,Analysis of heavy metals in soils using laser-induced breakdown spectrometry combined with laser-induced fluorescence,10.1016/s0584-8547(01)00213-0,2001
pub.1002923446,Laser-induced breakdown spectrometry — applications for production control and quality assurance in the steel industry,10.1016/s0584-8547(01)00214-2,2001
pub.1041830199,Packaging and characterization equipment for high-power diode laser bars and VCSELs,10.1117/12.426884,2001
pub.1004066178,Advances in silicon-to-glass bonding with laser,10.1117/12.425293,2001
pub.1026484722,Intelligent beam monitoring and diagnostics for CO2 lasers,10.1117/12.424650,2001
pub.1015278364,Adapted time power profile for laser beam soldering with solder paste,10.1117/12.425260,2001
pub.1001556815,The generalized star product and the factorization of scattering matrices on graphs,10.1063/1.1354641,2001
pub.1023129626,Theoretic description of the nature of acoustic emission in laser welding,10.1117/12.413750,2001
pub.1040606787,Time-resolved measurement of gas parameters inside diffusion-cooled CO2 lasers with NIR diode laser and UV-VIS emission spectroscopy,10.1117/12.414069,2001
pub.1093597059,Etch-depth dependence of laser diodes using angular filtering by total reflection,10.1109/leos.2001.969212,2001
pub.1052224016,"Modeling, Monitoring and Control in High Quality Laser Cutting",10.1016/s0007-8506(07)62089-7,2001
pub.1023054266,Global bounds for the Lyapunov exponent and the integrated density of states of random Schrödinger operators in one dimension,10.1088/0305-4470/33/46/306,2000
pub.1047609217,Extreme-ultraviolet source development: a comparison of different concepts,10.1117/12.406662,2000
pub.1019314990,Laser joining of microcomponents with fiber lasers and diode lasers,10.1117/12.405715,2000
pub.1051823674,Simulation of micro-channel heat sinks for optoelectronic microsystems,10.1016/s0026-2692(00)00060-4,2000
pub.1036206449,Concavity of Eigenvalue Sums and the Spectral Shift Function,10.1006/jfan.2000.3620,2000
pub.1065255462,Steel Analysis with Laser-Induced Breakdown Spectrometry in the Vacuum Ultraviolet,10.1366/0003702001951183,2000
pub.1065115319,Pinch-plasma radiation source for extreme-ultraviolet lithography with a kilohertz repetition frequency.,10.1364/ao.39.003833,2000
pub.1043022555,Extreme ultraviolet light generation based on laser-produced plasmas (LPP) and gas-discharge-based pinch plasmas: a comparison of different concepts,10.1117/12.390051,2000
pub.1020307011,267-W cw AlGaAs/GaInAs diode laser bars,10.1117/12.380551,2000
pub.1001580449,Packaging and characterization of high-power diode lasers,10.1117/12.380544,2000
pub.1043113977,Reliability and degradation mechanisms of InGa(Al)As/GaAs DQW high-power diode lasers,10.1016/s0022-0248(99)00703-4,2000
pub.1028433816,Application of a modern high-power laser to heavy section welding,10.1117/12.377046,2000
pub.1014983172,Coaxial process control during laser beam welding of tailored blanks,10.1117/12.377055,2000
pub.1034062399,Cooling and Packaging of High-Power Diode Lasers,10.1007/3-540-47852-3_8,2000
